Name,Team,Age,Pos,Level,G,AVG,OBP,SLG,AB,H,B2,B3,HR,R,RBI,BB,K,SB,CS,GIDP,PO
"van der Linde, Dutch",RICH,23,1B,ML,336,0.335,0.405,0.633,1325,444,121,2,90,256,325,156,199,1,0,31,0
"au Telemanus, Pax",ELP,26,CF,ML,54,0.221,0.306,0.323,195,43,5,0,5,22,23,24,40,0,0,10,0
"Zukowski, Ron",SUGR,32,C,ML,335,0.29,0.329,0.442,1217,353,75,7,32,157,152,70,126,25,15,32,0
"Wow, Fred",MIDL,33,1B,ML,154,0.239,0.305,0.383,410,98,24,1,11,49,41,39,72,0,2,14,1
"Woodruff, Joel",MAHO,24,2B,ML,61,0.333,0.375,0.58,255,85,21,3,12,44,43,17,33,0,2,20,0
"Wonka, Willy",SJ,32,SS,ML,343,0.231,0.31,0.401,1165,269,31,7,51,154,160,134,220,0,2,42,1
"Wilson, Puddnhead",LYNC,30,RF,ML,370,0.282,0.345,0.541,1369,386,85,7,85,223,259,132,379,1,2,32,1
"Wilson, Larry",ELP,27,2B,ML,176,0.305,0.322,0.38,639,195,19,7,5,69,74,16,53,0,3,29,2
"Williams, Josh",EDMO,24,RF,ML,36,0.244,0.295,0.341,82,20,5,0,1,15,8,6,8,1,3,3,0
"Wilcock, Jessie",ALTO,30,SS,ML,121,0.263,0.325,0.308,400,105,14,2,0,53,27,37,51,2,3,15,2
"Whitworth, Jack",PEOR,30,RF,ML,241,0.319,0.378,0.409,640,204,22,0,12,102,91,61,89,5,3,22,2
"Whittler, Willis",ELP,26,LF,ML,370,0.307,0.356,0.502,1455,446,79,4,66,224,251,111,305,1,2,33,2
"Whitney, Jeffrey",RICH,28,C,ML,366,0.326,0.374,0.505,1329,433,105,17,33,209,194,102,189,4,5,38,3
"Whiteside, Sheridan",PEOR,29,1B,ML,227,0.291,0.358,0.567,795,231,46,6,54,134,170,83,102,1,0,26,0
"White, Will",PEOR,27,CF,ML,111,0.371,0.449,0.47,251,93,10,6,1,53,27,36,15,20,14,3,1
"Whisby, Chris",MAHO,29,LF,ML,311,0.293,0.371,0.518,1126,330,45,5,66,193,195,139,197,1,6,35,4
"Whaley, Alexis",BANG,27,CF,ML,342,0.277,0.32,0.436,1180,327,75,11,30,161,148,75,211,17,19,38,0
"Westmoreland, Freeman",WISC,28,RF,ML,135,0.225,0.301,0.288,267,60,11,0,2,26,24,29,23,2,1,11,0
"Wayman, Harold",SJ,25,2B,ML,155,0.243,0.279,0.379,375,91,16,4,9,46,48,19,62,0,0,11,0
"Watchman, Gregory",WISC,34,CF,ML,147,0.281,0.353,0.332,431,121,10,0,4,56,39,48,33,0,1,14,1
"Wallace, Shawn",SUGR,33,SS,ML,363,0.301,0.327,0.423,1538,463,87,14,24,221,153,60,220,46,21,53,2
"Wagner, Paul",MAIN,30,C,ML,118,0.25,0.324,0.43,256,64,11,1,11,34,24,28,58,0,2,11,1
"Vonbargen, James",PEOR,23,1B,ML,7,0.16,0.192,0.2,25,4,1,0,0,1,3,1,2,0,0,1,0
"Villalona, Kevin",LAKE,26,C,ML,300,0.269,0.299,0.372,670,180,24,3,13,84,80,29,90,68,30,28,1
"Vex, Varvatos",CASP,32,3B,ML,353,0.303,0.399,0.603,1285,389,94,5,94,249,247,207,178,1,5,44,5
"Vazquez, Jeffrey",LAKE,36,C,ML,359,0.267,0.324,0.405,1367,365,64,7,37,171,206,116,295,1,1,51,1
"Vassar, Paul",IDA,25,C,ML,40,0.329,0.362,0.605,76,25,7,1,4,14,17,4,15,1,1,3,1
"Vasquez, Phillip",LVA,29,C,ML,159,0.246,0.295,0.383,459,113,18,6,11,69,54,32,80,6,4,18,0
"Vantrump, Leroy",LYNC,30,CF,ML,378,0.294,0.339,0.443,1488,437,86,8,40,194,202,103,262,39,23,52,1
"Uber, Braxton",LYNC,25,SS,ML,49,0.281,0.36,0.444,153,43,13,0,4,17,17,19,26,0,0,4,0
"Turner, Lyndon",SAV,26,LF,ML,336,0.28,0.358,0.443,1251,350,60,3,46,183,178,153,317,1,6,46,4
"Trumbull, Dalton",OMA,33,2B,ML,378,0.254,0.353,0.509,1427,363,53,4,101,246,267,217,332,29,13,59,0
"Treadwell, Geoff",LAKE,25,SS,ML,371,0.271,0.352,0.309,1201,325,35,4,1,170,133,151,162,127,47,11,0
"Traister, Bill",PORT,29,RF,ML,198,0.296,0.376,0.37,668,198,33,5,2,89,64,85,53,18,8,30,0
"Toro, Carl",BOW,37,CF,ML,379,0.271,0.338,0.332,1470,399,51,4,10,212,125,149,171,33,23,44,2
"Tinnin, Andy",ALTO,31,1B,ML,255,0.336,0.378,0.447,962,323,58,5,13,126,106,66,63,6,1,36,0
"Thomason, Jim",LOUI,30,RF,ML,202,0.236,0.323,0.374,423,100,15,2,13,54,58,54,76,0,2,18,1
"Thomas, Crenshaw",BANG,28,1B,ML,294,0.32,0.36,0.438,1085,347,75,4,15,153,126,68,63,0,0,32,0
"Thomas, Bret",LAKE,26,2B,ML,369,0.271,0.334,0.413,1420,385,90,12,29,220,164,134,301,191,78,23,2
"Thibideau, Luis",LAKE,35,3B,ML,179,0.255,0.298,0.371,607,155,27,2,13,70,63,37,117,2,4,26,2
"Thavichith, Raul",HART,26,1B,ML,55,0.266,0.327,0.39,154,41,5,1,4,24,22,14,18,1,1,7,1
"Terry, Jim",OMA,30,LF,ML,323,0.336,0.39,0.483,1098,369,53,3,34,177,141,97,137,2,0,45,0
"Tatum, Alvin",LYNC,33,LF,ML,354,0.285,0.35,0.476,1272,362,59,7,57,196,160,127,188,0,5,40,5
"Sylvestre, Perry",BANG,30,C,ML,287,0.288,0.361,0.527,1010,291,70,0,57,157,179,115,183,2,4,43,2
"Sucharski, Raymond",BOW,25,LF,ML,92,0.316,0.364,0.517,348,110,19,3,15,58,57,26,55,0,1,14,0
"Stuckey, Samuel",ELP,29,LF,ML,71,0.326,0.404,0.5,46,15,2,0,2,7,9,6,11,0,0,1,0
"Strong, Tara",WISC,36,LF,ML,343,0.311,0.378,0.449,1367,425,60,9,37,206,193,148,210,0,3,30,2
"Strachan, Vincent",OMA,28,C,ML,78,0.279,0.324,0.431,290,81,14,0,10,42,38,19,43,0,0,12,0
"Stowers, Gary",ELP,27,C,ML,357,0.314,0.368,0.505,1460,458,58,19,61,227,207,126,238,2,2,61,1
"Stjean, Howie",LOUI,25,C,ML,177,0.297,0.351,0.52,573,170,24,4,32,91,85,48,103,3,2,15,2
"Stith, Cooter",ALTO,31,SS,ML,299,0.322,0.358,0.399,958,308,45,7,5,125,105,55,139,4,2,20,0
"Stewart, Matthew",ELP,24,SS,ML,60,0.313,0.367,0.469,243,76,14,0,8,37,38,21,18,7,1,7,0
"Stewart, Francisco",PEOR,25,3B,ML,92,0.241,0.29,0.354,319,77,19,4,3,37,31,22,52,6,4,12,1
"Steamboat, Ricky",PORT,26,2B,ML,57,0.308,0.359,0.421,214,66,8,2,4,30,20,17,44,9,8,8,0
"Startz Jr, Modesto",BILL,26,CF,ML,43,0.286,0.306,0.386,70,20,2,1,1,11,6,2,7,4,2,5,0
"Starling, Ryan",MAHO,26,RF,ML,50,0.297,0.346,0.492,118,35,7,2,4,24,16,9,16,3,1,4,0
"Spinney, Vernon",BILL,27,C,ML,350,0.259,0.274,0.32,1243,322,34,12,6,105,113,25,280,4,0,49,0
"Spencer, Shawn",LAKE,31,3B,ML,370,0.268,0.36,0.494,1372,368,52,6,82,209,209,197,347,5,5,39,2
"Spencer, Dylan",RICH,28,C,ML,301,0.261,0.309,0.447,1036,270,35,7,48,135,158,73,302,1,1,27,1
"Spanish, Ricky",RICH,28,LF,ML,377,0.307,0.373,0.476,1461,448,88,2,52,234,237,154,294,29,23,35,3
"Snyder, Ezra",SJ,35,RF,ML,213,0.234,0.323,0.346,641,150,21,0,17,79,81,84,146,2,6,9,5
"Sleestak, Marshall",LYNC,29,2B,ML,349,0.274,0.349,0.475,1312,360,43,5,70,213,232,150,346,69,21,39,0
"Slawson, Justin",CORP,28,CF,ML,2,0,0,0,2,0,0,0,0,0,0,0,0,0,0,0,0
"Slaughter, Stanley",ROCK,30,RF,ML,341,0.29,0.343,0.389,1285,373,62,7,17,183,135,104,157,47,31,38,3
"Slaney, Ken",PEOR,28,SS,ML,372,0.299,0.367,0.447,1530,458,81,2,47,267,221,164,209,3,9,61,3
"Skundrich, Marcus",BILL,28,RF,ML,361,0.296,0.331,0.385,1385,410,46,4,23,178,171,73,163,34,18,55,0
"Sievers, Jas",OMA,36,LF,ML,235,0.245,0.32,0.398,865,212,34,4,30,129,131,96,133,0,1,37,1
"Sides, KB",MIDL,31,3B,ML,368,0.261,0.328,0.462,1443,377,92,9,60,203,220,143,180,2,4,39,3
"Shumway, Gordon",OMA,33,SS,ML,365,0.312,0.363,0.569,1444,451,93,14,83,254,272,114,221,17,11,45,2
"Shroyer, Alan",BANG,28,LF,ML,274,0.287,0.357,0.466,979,281,54,2,39,160,155,106,213,1,0,39,0
"Shines, Razor T.",CORP,23,CF,ML,90,0.338,0.397,0.603,355,120,26,1,22,60,78,35,72,2,1,10,1
"Shelnutt, Anthony",MIDL,27,C,ML,129,0.286,0.318,0.431,490,140,31,5,10,54,54,23,63,0,1,4,0
"Shaw, Wilbur",MAHO,29,SS,ML,328,0.289,0.333,0.381,1116,322,56,4,13,149,144,75,138,1,3,51,2
"Severa, Mark",HART,32,3B,ML,367,0.296,0.361,0.395,1381,409,76,9,14,181,153,141,122,3,9,54,6
"Sessoms, Petey",IDA,32,CF,ML,365,0.279,0.344,0.47,1348,376,47,3,68,215,217,133,253,22,21,45,0
"Selley, Woody",HART,27,LF,ML,372,0.305,0.361,0.42,1390,424,76,12,20,194,199,121,184,10,10,54,1
"Seavers, Colt",LVA,31,CF,ML,382,0.363,0.485,0.71,1326,482,125,2,110,340,335,314,169,104,52,15,3
"Seagraves, Luis",LOUI,32,3B,ML,338,0.265,0.339,0.478,1218,323,55,3,66,181,177,135,232,1,6,44,3
"Schumer, Mike",SAV,28,RF,ML,24,0.286,0.324,0.4,35,10,2,1,0,4,3,2,6,0,0,1,0
"Schultz, Micheal",OMA,32,2B,ML,227,0.295,0.349,0.491,731,216,28,11,31,103,118,60,196,0,0,15,0
"Schultz, Jose",IDA,30,RF,ML,301,0.299,0.332,0.455,1156,346,86,2,30,171,169,56,196,1,1,51,1
"Schmidt, Steve",LOUI,29,C,ML,220,0.297,0.343,0.522,381,113,17,0,23,76,77,27,99,4,1,12,0
"Schepers, Peter",MAHO,33,1B,ML,333,0.305,0.384,0.48,1173,358,60,2,47,200,188,150,168,3,11,38,4
"Scardino, Alberto",EDMO,28,C,ML,357,0.291,0.36,0.423,1247,363,67,10,26,184,159,135,185,5,7,54,3
"Sawyer, Paul",CASP,33,RF,ML,239,0.317,0.351,0.405,805,255,49,2,6,106,99,42,74,2,2,27,2
"Savage, Terry",ROCK,31,CF,ML,345,0.309,0.382,0.394,1253,387,66,1,13,216,123,149,112,72,35,37,2
"Sauro, Harry",BANG,29,1B,ML,348,0.258,0.317,0.479,1169,302,52,7,64,173,201,100,225,0,3,32,3
"Saunders, Orestes",WISC,27,SS,ML,166,0.31,0.348,0.433,439,136,35,2,5,66,53,26,48,1,1,19,1
"Salzman, Emil",BANG,25,LF,ML,52,0.36,0.407,0.667,114,41,10,2,7,21,25,9,26,4,1,9,0
"Saglibene, Eric",SAV,23,3B,ML,62,0.257,0.294,0.414,191,49,4,1,8,23,22,10,26,0,1,8,0
"Russum, Luis",IDA,26,CF,ML,123,0.333,0.375,0.55,240,80,13,3,11,46,46,16,51,1,0,8,0
"Ross, Rodney",CASP,26,RF,ML,249,0.263,0.324,0.394,908,239,55,2,20,135,110,82,131,0,1,21,1
"Ross, Johnny",AMAR,36,C,ML,346,0.301,0.346,0.429,1338,403,66,9,29,215,184,92,167,66,37,34,2
"Ronda, Bennie",HART,29,C,ML,365,0.302,0.358,0.465,1230,371,83,2,38,176,186,107,125,1,5,51,3
"Romeo, Dallas",EDMO,26,2B,ML,215,0.328,0.432,0.477,805,264,42,6,22,150,137,147,130,4,3,31,2
"Rodriguez, Gerald",BANG,25,2B,ML,371,0.299,0.337,0.447,1433,429,70,23,32,178,183,82,197,1,1,35,1
"Rodriguez, Darwin",ALTO,28,LF,ML,223,0.259,0.332,0.346,719,186,26,2,11,98,91,79,133,2,1,36,0
"Roche, Mike",PEOR,24,2B,ML,186,0.286,0.326,0.429,688,197,34,2,20,87,105,41,133,17,12,17,1
"Rocco, Johnny",AMAR,33,C,ML,184,0.243,0.346,0.373,354,86,11,1,11,47,41,56,90,1,0,17,0
"Robleto, Tex",SAV,31,SS,ML,358,0.262,0.313,0.394,1379,361,80,5,31,173,181,103,165,3,4,49,3
"Robinson, Phil",LOUI,25,SS,ML,357,0.305,0.351,0.505,1401,428,75,11,61,218,201,99,268,1,0,46,0
"Robertson, Henry",MAIN,37,RF,ML,370,0.297,0.381,0.434,1497,444,74,3,42,242,165,203,180,2,3,24,1
"Rivera, Ken",SAV,28,2B,ML,368,0.262,0.328,0.434,1407,369,92,4,47,205,167,138,280,0,2,21,0
"Riney, Waldo",BILL,29,CF,ML,366,0.313,0.345,0.427,1638,512,77,6,33,257,178,81,195,18,14,47,4
"Rinehart, Carlos",SCRN,27,LF,ML,328,0.258,0.361,0.429,1042,269,25,18,39,168,141,167,274,3,4,29,1
"Riley, Travis",ROCK,29,CF,ML,168,0.256,0.272,0.322,273,70,14,2,0,21,27,6,53,2,5,8,1
"Riddle, Dan",AMAR,30,SS,ML,376,0.289,0.346,0.557,1441,416,115,5,87,257,278,126,221,0,2,36,2
"Reynolds, Russel",OKC,23,3B,ML,58,0.325,0.386,0.469,228,74,5,2,8,27,36,23,40,4,1,5,0
"Reyes, Reyny",BILL,34,3B,ML,369,0.298,0.344,0.416,1393,415,59,2,34,194,176,98,135,2,6,64,5
"Reddington, Raymond",MAIN,35,CF,ML,347,0.321,0.376,0.505,1260,404,39,14,55,204,210,112,286,2,2,30,2
"Reardon, Larry",LOUI,28,CF,ML,297,0.265,0.331,0.438,997,264,52,2,39,138,117,99,197,1,3,19,2
"Ratliff, Ray",MAHO,25,CF,ML,1,0.25,0.25,0.25,4,1,0,0,0,0,1,0,1,0,0,0,0
"Ramos, Dave",SJ,35,3B,ML,365,0.245,0.309,0.372,1198,293,52,1,33,149,156,111,248,3,8,29,4
"Purser, Roger",BOW,26,3B,ML,4,0.091,0.167,0.091,11,1,0,0,0,1,0,1,2,0,0,1,0
"Pugh, Benjamin",PEOR,26,2B,ML,22,0.278,0.371,0.315,54,15,2,0,0,6,5,8,8,0,0,2,0
"Prosser, Tim",OKC,25,RF,ML,43,0.231,0.286,0.449,78,18,5,3,2,9,9,6,14,0,0,5,0
"Pritchard, Bob",ROCK,25,SS,ML,194,0.321,0.357,0.42,814,261,60,3,5,117,81,46,85,8,8,41,2
"Powers, Carmelo",PORT,32,1B,ML,149,0.296,0.352,0.456,463,137,25,2,15,76,65,40,82,0,1,8,1
"Powell, Garrett",SCRN,31,SS,ML,317,0.263,0.336,0.378,1246,328,44,6,29,163,179,137,151,3,2,64,1
"Potra, Charlie",ROCK,26,3B,ML,218,0.276,0.317,0.446,785,217,37,6,28,115,112,47,159,0,2,33,1
"Pipkins, Wayne",AMAR,27,1B,ML,375,0.338,0.399,0.629,1511,511,152,7,91,304,338,154,231,2,2,34,2
"Pilar, Chris",ELP,30,LF,ML,369,0.32,0.41,0.384,1422,455,71,10,0,224,134,216,151,3,3,39,3
"Pidgeon, Walt",PEOR,28,2B,ML,370,0.336,0.421,0.511,1412,474,110,9,40,255,229,209,163,2,7,52,2
"Pfeifer Jr, Bruce",IDA,26,LF,ML,105,0.253,0.311,0.419,320,81,11,0,14,49,51,27,52,1,1,8,1
"Pennington, Syd",MIDL,26,2B,ML,216,0.256,0.317,0.513,718,184,26,1,52,118,119,64,100,0,2,18,1
"Pena, Arthur",ALTO,34,2B,ML,253,0.255,0.299,0.386,860,219,42,1,23,105,102,55,119,24,14,29,2
"Paul Jr., Casey",MAIN,36,3B,ML,377,0.316,0.378,0.558,1515,478,88,2,92,276,293,152,215,5,4,42,3
"Patterson, Mark",EDMO,30,2B,ML,304,0.286,0.336,0.448,871,249,39,6,30,120,134,66,113,33,19,43,1
"Pallotta, Milt",SCRN,25,3B,ML,27,0.299,0.375,0.421,107,32,7,0,2,16,17,13,18,0,0,9,0
"Pajtas, Joe",OKC,28,C,ML,367,0.279,0.345,0.411,1269,354,64,4,32,166,150,127,125,1,3,35,1
"Osterberg, Billy",SJ,25,RF,ML,6,0.4,0.429,0.5,20,8,2,0,0,5,4,1,1,0,1,0,1
"Orta, Jorge",CASP,29,SS,ML,277,0.299,0.327,0.479,405,121,26,1,15,64,51,17,73,21,12,10,2
"Oromocto, Frederic",BANG,26,LF,ML,371,0.344,0.409,0.508,1499,515,125,8,35,250,220,166,130,0,9,83,7
"Oliff, Stanley",EDMO,28,C,ML,124,0.266,0.306,0.361,241,64,4,2,5,34,28,14,38,1,1,7,1
"Odom, Mark",CHAT,29,SS,ML,211,0.287,0.299,0.397,599,172,33,3,9,66,71,10,56,1,2,27,1
"Notti, Charlie",AMAR,26,1B,ML,203,0.237,0.326,0.448,634,150,39,4,29,95,111,84,133,0,1,14,1
"Noches, Ramon",BANG,27,1B,ML,3,0.667,0.667,0.667,3,2,0,0,0,1,0,0,0,0,0,0,0
"Nitti, Dan",LAKE,25,CF,ML,362,0.26,0.301,0.337,1179,307,46,4,12,142,118,69,166,99,40,28,4
"Nettles, Ken",MAHO,26,CF,ML,237,0.331,0.385,0.485,949,314,53,0,31,180,138,84,112,52,25,50,0
"Nelson, Benjamin",OKC,29,3B,ML,327,0.226,0.303,0.326,634,143,22,0,14,100,59,70,93,36,12,25,0
"Navarro, Alphonso",WISC,35,1B,ML,360,0.27,0.35,0.46,1374,371,61,10,60,196,241,170,327,1,3,38,3
"Nardecchia, Bryan",MAHO,28,LF,ML,372,0.319,0.369,0.573,1481,473,79,9,93,262,307,117,174,0,4,47,1
"Napolitano, Chris",LYNC,28,C,ML,359,0.274,0.302,0.405,1195,328,63,9,25,140,134,48,171,4,5,46,1
"Myers, August",MIDL,36,C,ML,184,0.26,0.325,0.365,605,157,21,2,13,86,60,59,138,0,0,16,0
"Myer, Maximum",LAKE,34,2B,ML,307,0.286,0.383,0.437,1054,301,41,1,39,169,161,166,179,0,1,42,0
"Musgrove, Eric",SAV,29,RF,ML,59,0.211,0.33,0.383,175,37,3,0,9,29,30,31,30,1,2,5,1
"Murray, Billie",MAIN,32,2B,ML,373,0.279,0.355,0.517,1472,410,70,1,93,256,271,174,340,3,2,50,1
"Munroe, Bradley",CORP,25,LF,ML,260,0.294,0.315,0.418,514,151,18,5,12,88,62,16,48,34,18,16,1
"Morse, Dewayne",MIDL,28,SS,ML,353,0.275,0.327,0.458,1041,286,61,8,38,133,154,81,158,12,14,16,1
"Morger, Christopher",IDA,24,1B,ML,15,0.22,0.281,0.322,59,13,6,0,0,7,6,5,13,0,0,1,0
"Morales, Rob",SCRN,32,C,ML,338,0.291,0.326,0.355,1218,354,47,5,7,144,116,64,114,11,7,60,3
"Moore, Terry",EDMO,30,2B,ML,167,0.284,0.361,0.357,549,156,25,0,5,69,68,66,59,2,2,33,1
"Montano, Joe",MAIN,24,CF,ML,44,0.333,0.333,0.491,57,19,3,0,2,14,12,0,11,1,1,2,0
"Moller, Pete",CASP,26,C,ML,350,0.252,0.318,0.433,1300,328,26,1,69,182,192,125,333,2,2,20,1
"Moffitt, Hector",BOW,25,3B,ML,60,0.284,0.336,0.534,232,66,23,1,11,37,36,18,38,1,1,7,0
"Milles, Charles (4)",RICH,35,1B,DL,0,0,0,0,0,0,0,0,0,0,0,0,0,0,0,0,0
"Miedema, Jaden",SJ,26,SS,ML,278,0.273,0.318,0.361,875,239,35,3,12,106,119,57,140,43,18,39,2
"Midyett, Donnie",PEOR,32,LF,ML,142,0.219,0.331,0.337,347,76,17,0,8,47,31,58,63,0,1,11,1
"Merritt, John",OMA,36,1B,ML,327,0.249,0.368,0.423,1183,295,40,6,51,208,162,221,181,1,2,31,2
"Meahl, Sam",OMA,35,1B,ML,322,0.245,0.315,0.472,1191,292,25,4,79,192,198,121,349,0,0,34,0
"McCauley, John",AMAR,25,LF,ML,342,0.296,0.373,0.439,1250,370,62,3,37,186,203,153,164,2,3,63,2
"Mayo, Johnny",CHAT,29,1B,ML,109,0.256,0.266,0.372,78,20,2,2,1,9,5,1,9,0,0,3,0
"Maxwell, Salvador",SCRN,29,1B,ML,371,0.277,0.357,0.472,1413,391,66,3,68,216,219,177,283,4,4,46,2
"Maxenry, Parker",IDA,26,1B,ML,365,0.344,0.405,0.53,1437,494,95,5,54,259,268,147,186,8,3,59,2
"Matos, Dan",IDA,26,RF,ML,367,0.303,0.354,0.541,1457,442,85,3,85,235,254,114,210,1,3,39,3
"Massar, Ray",RICH,28,RF,ML,369,0.285,0.351,0.518,1409,402,64,6,84,246,278,143,118,1,5,62,3
"Martinez, Charlie",EDMO,26,1B,ML,368,0.265,0.329,0.511,1327,351,49,13,84,209,265,127,297,6,4,44,3
"Marshall, Damon",CHAT,28,CF,ML,377,0.28,0.342,0.499,1519,425,88,22,67,238,257,143,238,40,26,37,3
"Marlin, Sterling",OKC,26,CF,ML,363,0.297,0.349,0.511,1359,404,74,2,71,218,236,109,253,32,23,42,1
"Maas, Jason",LVA,26,LF,ML,364,0.3,0.325,0.404,1335,400,68,36,0,180,152,51,231,96,47,53,4
"Lucas, Roosevelt",HART,28,LF,ML,213,0.297,0.344,0.428,458,136,25,4,9,84,62,33,58,36,19,18,0
"London, Greg",MAHO,28,SS,ML,314,0.32,0.357,0.452,1155,370,74,6,22,149,166,65,92,6,10,51,3
"Letchworth, Bob",BANG,29,3B,ML,338,0.278,0.333,0.444,1137,316,54,3,43,152,191,93,185,1,1,38,0
"Leong, Bernard",BILL,32,SS,ML,356,0.323,0.367,0.441,1353,437,57,0,34,172,210,93,149,1,2,59,2
"Leftridge, Larry",SCRN,26,RF,ML,216,0.3,0.341,0.396,270,81,10,2,4,44,33,17,34,4,0,11,0
"Ledbetter, Rolando",MAIN,33,1B,ML,243,0.238,0.317,0.353,844,201,37,9,14,93,80,97,174,2,0,38,0
"Laurenzano, George",AMAR,24,RF,ML,376,0.27,0.347,0.574,1428,386,90,4,112,291,329,168,235,21,4,55,0
"Larson, Roger",SUGR,32,SS,ML,214,0.278,0.327,0.39,515,143,32,1,8,72,57,38,56,14,9,18,0
"Larsen, Steve",CORP,28,1B,ML,371,0.338,0.417,0.663,1465,495,124,2,116,314,326,198,247,0,1,48,1
"Landry, Ferdie",PEOR,30,3B,ML,167,0.308,0.362,0.405,491,151,28,1,6,74,62,42,62,0,1,26,1
"Lanctot, Bill",CHAT,24,RF,ML,220,0.282,0.354,0.403,896,253,28,4,24,133,111,99,64,7,3,39,2
"Lambert, Hap",BANG,39,LF,ML,309,0.247,0.295,0.359,729,180,30,2,16,89,87,50,96,8,8,36,3
"Lalonde, Newsy",CASP,25,1B,ML,240,0.289,0.342,0.457,908,262,56,2,31,114,149,74,86,0,0,24,0
"Lalli, Charles",BOW,26,3B,ML,196,0.274,0.304,0.358,657,180,22,3,9,65,84,28,90,4,1,22,0
"Lake, Winston",SAV,29,3B,ML,205,0.233,0.297,0.402,694,162,34,4,25,79,89,63,215,0,1,14,0
"Lacava, Tristan",LVA,36,CF,ML,276,0.282,0.314,0.387,801,226,34,7,12,92,104,37,79,26,17,18,2
"Labella, Mike",WISC,37,CF,ML,315,0.266,0.322,0.426,1225,326,62,4,42,161,172,101,223,0,2,41,2
"Kunkel, Clarence",SUGR,28,LF,ML,265,0.308,0.352,0.499,943,290,45,2,44,149,164,64,206,1,1,24,1
"Krug, Jaime",CHAT,27,SS,ML,61,0.288,0.338,0.456,215,62,17,2,5,27,40,16,29,0,0,8,0
"Kruczek, John",LAKE,20,LF,ML,259,0.287,0.334,0.377,1008,289,51,5,10,144,119,72,75,91,42,28,0
"Korn, Bill",HART,25,1B,ML,113,0.266,0.334,0.428,290,77,14,0,11,46,29,30,70,12,9,10,0
"Koenig, Ray",LVA,31,CF,ML,355,0.308,0.333,0.369,1534,473,51,21,0,200,167,56,122,86,51,21,2
"Knouff, George",OKC,25,1B,ML,302,0.286,0.348,0.397,1271,363,84,3,17,200,132,121,172,0,0,36,0
"Knepshield, Dean",WISC,29,2B,ML,192,0.317,0.359,0.428,668,212,34,5,10,91,89,43,76,0,1,25,1
"King, Erubiel",MAHO,29,RF,ML,33,0.29,0.343,0.37,100,29,6,1,0,13,8,8,11,0,0,7,0
"King, Bruno",CORP,30,2B,ML,363,0.339,0.394,0.47,1524,516,114,4,26,245,205,140,111,2,3,54,3
"Kincaid, Terry",SJ,31,1B,ML,365,0.304,0.361,0.493,1420,431,101,3,54,219,222,127,228,0,6,42,6
"Kincaid, Dutch",LVA,26,RF,ML,360,0.291,0.356,0.517,1359,395,70,6,75,213,292,138,308,11,12,30,1
"Kiger, Fred",MAIN,31,3B,ML,197,0.277,0.301,0.381,386,107,17,4,5,41,49,13,44,1,1,6,0
"Kennedy, Murray",WISC,31,C,ML,305,0.268,0.315,0.405,970,260,43,6,26,136,124,66,137,18,7,53,1
"Kelly, Joseph",EDMO,31,LF,ML,352,0.281,0.346,0.46,1319,370,64,13,49,202,219,132,208,19,21,36,3
"Kearley, Keith",PORT,26,3B,ML,33,0.346,0.382,0.519,52,18,6,0,1,7,8,3,2,4,4,1,2
"Kanae, James",HART,28,CF,ML,356,0.287,0.352,0.473,1165,334,59,1,52,190,183,118,143,35,29,44,1
"Jones, Xander",CASP,27,2B,ML,347,0.328,0.358,0.434,1068,350,96,3,4,134,124,50,132,49,22,35,2
"Jones, Clyde",CORP,25,C,ML,6,0,0,0,17,0,0,0,0,1,0,0,2,0,0,1,0
"Johnson, Theodore",SCRN,33,1B,ML,344,0.299,0.378,0.53,1278,382,67,9,70,212,242,163,268,1,3,36,3
"Johnson, Tanner",OKC,34,2B,ML,371,0.283,0.32,0.424,1433,406,71,1,43,181,190,77,129,8,5,47,2
"Johnson, LeRon",SAV,25,1B,ML,214,0.256,0.32,0.433,719,184,33,8,26,87,102,68,225,4,3,11,2
"Jock, Rob",BILL,28,C,ML,71,0.341,0.385,0.381,126,43,0,1,1,15,12,9,5,0,0,4,0
"Jepperson, Oscar",OKC,33,C,ML,240,0.28,0.31,0.385,762,213,46,5,8,99,77,34,85,3,2,24,2
"Jarvis, Bart Harley",HART,30,LF,ML,345,0.296,0.365,0.538,1385,410,82,2,83,256,262,150,139,1,7,41,3
"Jamm, Jeremy",RICH,28,C,ML,88,0.286,0.352,0.459,196,56,7,0,9,30,38,20,33,0,1,9,0
"Jackson, Sean",OMA,27,C,ML,95,0.272,0.33,0.37,276,75,12,3,3,31,32,24,45,0,0,10,0
"Jackson, Bo",SAV,27,C,ML,360,0.305,0.366,0.551,1413,431,84,10,81,233,251,137,193,4,8,56,1
"Iwerks, Ub",WISC,35,CF,ML,366,0.285,0.334,0.375,1391,396,55,8,18,176,179,103,178,50,21,62,2
"Ivy, Vaughn",PORT,29,1B,ML,367,0.288,0.346,0.486,1433,412,78,3,67,218,236,129,294,5,2,56,2
"Imes, Casey",LVA,35,RF,ML,254,0.304,0.329,0.449,737,224,54,7,13,100,104,27,124,14,6,22,1
"Huntington, Kelvin",LYNC,27,RF,ML,132,0.265,0.303,0.342,392,104,18,0,4,39,40,21,65,0,0,14,0
"Hudgins, King",IDA,24,CF,ML,46,0.319,0.363,0.474,116,37,15,0,1,20,11,8,30,1,1,4,1
"Howell, Mike",CHAT,32,C,ML,116,0.252,0.306,0.413,230,58,8,1,9,31,28,18,47,0,0,11,0
"Howard, Ramon",PORT,28,CF,ML,370,0.315,0.352,0.465,1541,485,96,18,33,235,168,89,198,34,20,46,5
"Houston, Jeffery",BANG,27,CF,ML,200,0.296,0.375,0.43,405,120,35,2,5,64,40,51,49,33,10,10,0
"Hooper, Alfred",HART,27,1B,ML,72,0.231,0.29,0.322,121,28,5,0,2,12,14,10,26,0,0,6,0
"Hooey, Derek",BOW,34,RF,ML,374,0.306,0.373,0.515,1407,430,90,6,64,232,227,150,164,0,1,41,1
"Holub, Phillip",SUGR,26,2B,ML,339,0.293,0.357,0.473,1216,356,73,1,48,190,199,122,166,0,3,50,3
"Holmon, Claude",EDMO,29,SS,ML,369,0.313,0.343,0.391,1487,466,51,8,16,228,172,66,177,152,34,19,1
"Hollenbach, Henry",ELP,27,CF,ML,201,0.297,0.317,0.402,647,192,28,8,8,79,78,19,88,24,8,29,0
"Holden, James",BOW,27,LF,ML,373,0.288,0.369,0.571,1455,419,98,10,98,275,323,186,210,5,4,37,1
"Hockey, Champ",SUGR,28,RF,ML,373,0.324,0.371,0.53,1508,489,106,6,64,257,234,112,156,74,38,60,2
"Hobbs, Roy",IDA,35,CF,ML,359,0.32,0.377,0.574,1480,474,136,4,77,273,303,136,188,34,17,45,2
"Hill, Edgar",LVA,27,3B,ML,366,0.313,0.357,0.44,1506,471,116,27,7,211,185,104,164,5,10,51,2
"Hilderbrand, Norman",OKC,24,2B,ML,59,0.277,0.325,0.364,184,51,10,0,2,15,18,13,14,0,0,9,0
"Hieronymus, Woodrow",PEOR,28,CF,ML,199,0.251,0.306,0.387,442,111,20,5,10,62,60,35,62,1,2,18,0
"Hicks, Hickey",CHAT,26,1B,ML,60,0.243,0.335,0.433,210,51,7,0,11,30,31,29,32,0,0,5,0
"Hickok, Jimmy",MIDL,34,2B,ML,199,0.283,0.325,0.457,569,161,34,1,21,95,89,35,81,22,11,12,1
"Heywood, Clewd",ROCK,25,LF,ML,368,0.322,0.387,0.624,1287,415,93,8,93,259,284,136,161,3,4,40,3
"Hershenson, Dave",LYNC,25,RF,ML,95,0.304,0.372,0.533,345,105,18,5,17,63,46,37,60,0,0,13,0
"Hernandez, Chris",CORP,34,2B,ML,346,0.312,0.39,0.368,1364,426,62,7,0,187,132,173,139,5,5,63,5
"Helveston, Keaton",BANG,26,LF,ML,185,0.267,0.33,0.452,622,166,19,0,32,91,93,59,125,0,2,12,2
"Heath, Carl",LOUI,26,1B,ML,366,0.298,0.366,0.564,1405,418,67,2,101,245,270,151,339,3,2,34,2
"Haughey, Frederick",SAV,24,2B,ML,52,0.21,0.285,0.377,162,34,10,1,5,22,31,17,44,4,4,2,1
"Hathaway, Reagan",MIDL,32,CF,ML,364,0.285,0.356,0.393,1399,399,67,0,28,213,130,155,169,39,20,29,2
"Harrison, Dave",WISC,36,CF,ML,347,0.269,0.334,0.353,1306,351,44,3,20,173,133,128,161,80,34,29,3
"Harris, Ronnie",ALTO,28,3B,ML,367,0.334,0.377,0.572,1475,492,113,11,72,228,266,102,249,3,1,51,0
"Harris, Pat",BILL,28,SS,ML,43,0.264,0.35,0.352,91,24,3,1,1,10,5,12,7,0,1,1,1
"Haroldsen, Mike",CHAT,23,SS,ML,219,0.3,0.334,0.382,811,243,39,5,6,109,82,42,84,61,15,36,1
"Harness, Cary",BOW,25,C,ML,205,0.275,0.322,0.406,726,200,41,3,16,87,84,50,113,11,12,20,2
"Hamill, Mark",SCRN,31,2B,ML,360,0.277,0.34,0.456,1275,353,56,11,50,186,220,123,308,22,14,36,4
"Hall, Somerset",SUGR,30,C,ML,345,0.329,0.389,0.491,1347,443,86,6,40,206,193,132,119,1,3,55,3
"Hall, Christian",CORP,34,SS,ML,363,0.274,0.323,0.382,1384,379,52,7,28,183,157,100,192,34,28,64,4
"Gutterrez, Nestor",LOUI,26,2B,ML,28,0.359,0.405,0.487,39,14,2,0,1,5,11,3,3,0,0,1,0
"Guise, Bryant",ALTO,30,SS,ML,252,0.292,0.323,0.339,578,169,25,1,0,72,70,26,58,14,9,17,1
"Guidry, Steve",WISC,32,RF,ML,342,0.327,0.388,0.456,1409,461,59,9,35,229,170,141,109,1,9,82,3
"Guerrero, Guillermo",LVA,23,3B,ML,92,0.282,0.329,0.407,344,97,20,1,7,46,52,24,40,0,0,11,0
"Griffey VII, Ken",SJ,26,CF,ML,376,0.272,0.389,0.494,1388,377,43,2,87,312,213,267,304,91,48,26,5
"Green, Joe",PORT,25,CF,ML,59,0.285,0.325,0.475,221,63,15,0,9,28,40,13,45,1,2,7,2
"Gray, Adam",IDA,27,C,ML,307,0.291,0.34,0.45,1096,319,64,10,30,141,154,81,179,5,1,27,1
"Grant, John",AMAR,27,3B,ML,372,0.332,0.384,0.448,1536,510,111,17,11,247,166,130,86,11,9,64,2
"Gooch, Ken",RICH,26,SS,ML,111,0.303,0.355,0.52,277,84,17,2,13,45,55,22,33,0,2,8,0
"Gonzales, Xavier",ELP,25,LF,ML,60,0.333,0.425,0.434,219,73,13,0,3,33,23,35,21,2,0,11,0
"Gompers, Samuel",CHAT,31,1B,ML,338,0.29,0.356,0.506,1071,311,56,5,55,176,175,110,162,0,2,33,2
"Goldsberry, Rico",MIDL,27,CF,ML,116,0.276,0.313,0.41,322,89,29,4,2,38,28,17,22,5,5,5,1
"Gojcaj, Otis",OKC,24,SS,ML,60,0.252,0.299,0.416,226,57,7,0,10,33,36,15,31,5,5,8,1
"Godines, Nate",IDA,27,3B,ML,254,0.331,0.365,0.45,656,217,40,1,12,101,92,35,101,0,1,32,1
"Giacomini, Jersey",LAKE,25,SS,ML,191,0.273,0.336,0.335,245,67,10,1,1,33,39,23,32,24,12,2,0
"Garza, Leon",HART,32,LF,ML,348,0.268,0.338,0.456,1198,321,81,9,42,173,185,126,285,1,6,38,2
"Garvin, Travis",SJ,38,SS,ML,292,0.301,0.369,0.354,1044,314,32,3,6,138,95,112,122,0,1,11,0
"Gallegos, Jack",LOUI,24,CF,ML,94,0.267,0.326,0.469,307,82,11,0,17,52,43,27,68,12,4,9,0
"Gadomski, Chris",CASP,26,LF,ML,227,0.288,0.338,0.484,704,203,45,6,27,108,106,53,92,19,14,25,1
"Fry, Ron",AMAR,25,RF,ML,44,0.211,0.318,0.289,38,8,0,0,1,7,4,6,5,0,0,3,0
"Frutos, Jon",CHAT,31,SS,ML,233,0.303,0.337,0.483,300,91,14,2,12,53,46,15,46,9,7,13,0
"Frost, Jason",PORT,26,2B,ML,212,0.313,0.356,0.522,860,269,49,1,43,145,141,58,202,18,10,28,1
"Fritchman, Jim",PEOR,27,3B,ML,97,0.257,0.34,0.356,191,49,10,0,3,26,26,24,19,3,7,8,1
"Francesco, Max",PORT,26,3B,ML,194,0.304,0.314,0.386,625,190,21,0,10,84,82,9,95,42,12,10,0
"Fox, Hosea",OMA,30,SS,ML,365,0.262,0.357,0.43,1294,339,56,10,47,209,169,192,191,0,1,57,1
"Forget, John",WISC,34,SS,ML,210,0.257,0.308,0.362,712,183,34,1,13,83,80,52,98,5,4,29,0
"Folk, Elbert",IDA,29,SS,ML,355,0.282,0.332,0.43,1313,370,67,10,36,179,187,98,286,2,0,37,0
"Fogler, George",RICH,26,2B,ML,252,0.253,0.289,0.352,766,194,35,1,13,97,73,38,116,28,20,34,1
"Flowers, Lester",HART,30,SS,ML,350,0.277,0.342,0.466,1244,345,44,4,61,192,201,123,233,6,5,34,0
"Fleischacker, Stefan",EDMO,26,CF,ML,367,0.277,0.328,0.413,1417,393,80,8,32,198,220,106,203,46,17,55,1
"Flaugher, Michael",ALTO,34,2B,ML,219,0.271,0.319,0.388,781,212,17,7,20,103,94,55,95,2,1,45,1
"Flannery, Jose",LOUI,26,C,ML,45,0.294,0.351,0.441,102,30,6,0,3,16,10,9,19,1,0,6,0
"Fiorini, Jeffrey",CASP,27,2B,ML,303,0.266,0.326,0.404,830,221,35,5,23,124,119,74,165,34,10,30,1
"Fields, Jack",MAHO,33,C,ML,356,0.31,0.347,0.427,1444,448,78,2,29,193,184,81,107,0,3,90,3
"Felarca, Carl",EDMO,36,1B,ML,368,0.272,0.345,0.496,1377,374,65,5,78,203,261,154,300,4,2,31,0
"Febrey, Al",LOUI,27,LF,ML,341,0.268,0.339,0.5,1192,319,47,4,74,181,197,129,289,1,0,25,0
"Eubanks, Brandon",SCRN,23,CF,ML,61,0.254,0.316,0.431,232,59,13,5,6,31,38,21,49,0,0,13,0
"Engquist, Santos",SCRN,26,3B,ML,372,0.286,0.315,0.384,1345,384,56,8,20,160,166,58,169,47,28,55,0
"Emery, Alfred",LOUI,26,3B,ML,339,0.311,0.395,0.529,1253,390,44,8,71,235,196,173,282,4,2,20,2
"Emerson, Garrick",ROCK,34,1B,ML,368,0.337,0.409,0.541,1404,473,110,6,55,267,264,172,116,1,4,62,4
"Elliot, Allen",OMA,40,C,ML,338,0.274,0.345,0.47,1286,352,56,11,58,194,212,139,326,0,2,34,2
"Eiben, Jerome",ALTO,29,C,ML,192,0.268,0.32,0.397,604,162,32,2,14,76,77,46,108,3,1,16,0
"Edwards, Johnnie",BOW,28,SS,ML,382,0.272,0.317,0.418,1362,370,69,11,36,176,179,91,238,61,30,36,2
"Edwards, John",CHAT,30,1B,ML,374,0.279,0.376,0.524,1331,372,85,9,74,239,240,207,193,0,4,35,4
"Dyson, John",CORP,33,CF,ML,364,0.319,0.358,0.374,1540,491,46,3,11,232,160,95,97,4,4,71,2
"Drama, Johnny",SAV,22,1B,ML,111,0.258,0.323,0.4,365,94,8,4,12,44,45,35,115,0,1,4,1
"Dorn, Hubert",SUGR,27,2B,ML,322,0.27,0.337,0.476,1232,333,68,4,59,178,209,124,192,0,2,43,2
"Dorian, John",MAIN,29,2B,ML,358,0.29,0.332,0.468,1332,386,92,7,44,198,193,85,182,2,4,42,4
"Dooley, Charlie",CHAT,27,3B,ML,328,0.265,0.304,0.437,1186,314,55,7,45,155,169,66,157,0,1,43,1
"Dodge, Michael",CASP,28,SS,ML,362,0.32,0.367,0.459,1441,461,70,14,34,209,186,107,92,5,8,59,1
"Dlouhy, Adrian",BOW,26,CF,ML,73,0.278,0.35,0.322,90,25,4,0,0,17,8,10,17,1,2,2,0
"Disanti, Lynn",MAIN,30,1B,ML,373,0.285,0.334,0.483,1420,405,111,1,56,202,230,103,209,1,2,57,2
"Descoteaux, Jesse",LAKE,35,RF,ML,354,0.272,0.341,0.468,1219,332,43,2,64,177,192,128,132,0,0,47,0
"Derosset, Ken",ROCK,32,3B,ML,351,0.295,0.335,0.446,1140,336,57,7,34,169,170,69,119,0,4,55,0
"Depedro, Benedict",ALTO,29,C,ML,61,0.323,0.363,0.587,223,72,18,1,13,32,39,14,36,0,0,16,0
"Demiel, Larry",OKC,24,CF,ML,61,0.369,0.404,0.569,260,96,19,0,11,41,41,15,36,1,0,9,0
"Deleon, Vernon",BILL,26,CF,ML,360,0.323,0.362,0.488,1453,470,70,8,51,225,226,87,249,20,10,37,2
"Dehoff, Darryl",WISC,35,1B,ML,317,0.299,0.384,0.367,1114,333,59,1,5,165,103,153,90,0,4,79,3
"Deguzman, Ray",BILL,29,3B,ML,357,0.312,0.361,0.467,1439,449,96,8,37,246,192,110,303,3,4,50,3
"Defoore, Lee",SJ,24,C,ML,106,0.271,0.303,0.402,398,108,20,1,10,47,40,18,49,1,2,21,2
"Dawson, Darrel",LVA,32,1B,ML,363,0.294,0.382,0.476,1358,399,85,6,50,258,216,193,180,0,3,47,3
"Dahlheimer, Bernie",MAIN,29,1B,ML,29,0.254,0.266,0.349,63,16,1,1,1,9,6,1,5,2,0,3,0
"Dagg, Normand",LYNC,27,C,ML,195,0.239,0.306,0.358,394,94,18,1,9,51,39,38,36,2,3,17,0
"Czolgosz, Leon",ROCK,34,2B,ML,320,0.33,0.367,0.51,1104,364,62,4,43,169,180,65,114,2,2,28,2
"Crosno, Booker",PORT,33,C,ML,340,0.288,0.33,0.395,1255,361,67,13,14,162,135,80,101,14,15,32,0
"Crosby, Dwight",HART,29,RF,ML,375,0.288,0.367,0.454,1463,422,81,1,53,248,171,181,203,30,31,56,1
"Crockett, Kevin",ALTO,23,LF,ML,161,0.301,0.36,0.477,681,205,38,5,24,113,94,63,135,25,11,12,0
"Cox, Jeffrey",CHAT,26,2B,ML,369,0.293,0.351,0.396,1350,395,58,12,19,169,147,121,174,1,2,35,2
"Conoropo, Omar",SAV,31,RF,ML,189,0.258,0.327,0.311,283,73,7,1,2,32,35,29,28,13,4,22,0
"Combs, Justin",CASP,27,1B,ML,202,0.29,0.372,0.438,672,195,32,2,21,97,92,87,93,2,3,33,2
"Coleman, Craig",MIDL,26,RF,ML,355,0.262,0.311,0.442,1268,332,45,3,59,178,168,90,213,3,2,40,1
"Cohen, Earl",MAIN,29,LF,ML,303,0.279,0.339,0.456,978,273,54,1,39,149,151,89,147,8,9,28,2
"Coffin, Will",SUGR,31,LF,ML,317,0.254,0.339,0.428,965,245,45,6,37,138,145,124,184,0,3,33,1
"Cobbs Jr, Archie",BANG,29,SS,ML,351,0.318,0.367,0.455,1401,446,84,6,32,211,168,107,254,3,2,34,2
"Clough, Paul",ALTO,30,RF,ML,316,0.314,0.355,0.39,1059,333,43,2,11,113,128,66,90,4,3,39,2
"Christopher, Freddie",LOUI,22,2B,ML,30,0.301,0.363,0.634,123,37,8,3,9,21,22,12,28,0,0,2,0
"Chinnici, Pat",ELP,30,RF,ML,169,0.275,0.351,0.404,559,154,31,1,13,84,76,65,67,1,0,19,0
"Childress, John",SCRN,27,RF,ML,371,0.264,0.321,0.477,1225,324,64,5,62,181,182,101,317,7,6,29,1
"Chevalier, Louis",BOW,31,2B,ML,378,0.325,0.367,0.506,1546,503,80,7,62,246,248,101,158,2,4,63,4
"Chee, Bill",LAKE,30,1B,ML,345,0.287,0.353,0.523,1263,362,45,13,76,212,206,129,333,2,2,32,2
"Cheatham, Patrick",CORP,36,RF,ML,313,0.305,0.336,0.382,1307,399,50,1,16,167,176,60,112,3,4,52,3
"Chancy, Guy",RICH,26,RF,ML,368,0.292,0.357,0.38,1309,382,50,13,13,175,146,132,161,115,63,63,0
"Chamberlain, Lo",MIDL,27,LF,ML,377,0.313,0.403,0.618,1219,381,61,1,103,247,246,184,267,0,3,16,3
"Castle, Frank",LYNC,26,RF,ML,239,0.248,0.318,0.446,887,220,32,3,46,140,121,91,154,13,14,26,3
"Cassetti, John",SUGR,26,1B,ML,375,0.328,0.421,0.532,1390,456,91,5,61,278,220,222,260,1,0,39,0
"Case, Cash",SCRN,28,2B,ML,366,0.31,0.373,0.435,1445,448,67,10,31,223,147,146,179,2,4,44,4
"Carpenter, Joe",CORP,26,LF,ML,364,0.294,0.349,0.47,1441,424,69,2,60,222,245,121,280,49,29,54,0
"Carpenter, Jeremiah",AMAR,26,2B,ML,295,0.293,0.388,0.444,945,277,56,9,23,166,115,147,111,1,5,27,4
"Caron, Glen",RICH,23,3B,ML,59,0.302,0.353,0.483,205,62,11,1,8,34,37,16,27,1,2,6,1
"Carolfi, Burt",MIDL,28,C,ML,262,0.285,0.347,0.508,701,200,50,2,34,102,104,66,128,1,3,8,1
"Carnathan, Dan",CASP,28,RF,ML,109,0.284,0.358,0.448,250,71,13,2,8,40,34,29,47,0,1,13,0
"Carmichael, Scott",OMA,26,LF,ML,8,0.15,0.292,0.3,20,3,3,0,0,4,1,4,9,0,0,0,0
"Carlson, Riley",AMAR,24,LF,ML,26,0.152,0.2,0.273,33,5,1,0,1,2,2,2,8,0,0,0,0
"Carlson, Damon",LYNC,33,1B,ML,130,0.28,0.314,0.353,428,120,13,0,6,48,37,21,58,3,3,27,0
"Caplette, Emanuel",ALTO,30,LF,ML,191,0.302,0.352,0.386,676,204,27,3,8,92,79,52,65,1,1,25,1
"Cangiano, Tom",PORT,29,SS,ML,7,0.5,0.556,0.563,16,8,1,0,0,4,4,2,3,1,0,2,0
"Campbell, Jesse",OKC,28,1B,ML,365,0.301,0.363,0.548,1381,416,74,3,87,247,276,134,173,0,3,59,3
"Cameron, Clement",IDA,25,3B,ML,35,0.256,0.331,0.48,125,32,2,1,8,24,25,14,17,0,0,5,0
"Cafaro, Diego",ROCK,28,CF,ML,296,0.259,0.315,0.456,983,255,49,0,48,155,172,80,208,23,7,29,2
"Cabrera, Aaron",SAV,31,C,ML,357,0.292,0.357,0.409,1290,377,75,8,20,169,193,129,140,0,3,59,3
"Byrne, Mike",PORT,25,3B,ML,34,0.184,0.225,0.228,114,21,2,0,1,11,6,6,13,4,2,4,0
"Burton, Ward",ROCK,27,1B,ML,362,0.272,0.328,0.462,1430,389,84,7,58,196,242,118,302,1,2,32,2
"Burkhart, Paul",OMA,35,2B,ML,350,0.289,0.348,0.432,1265,365,66,1,38,218,165,116,152,3,5,57,4
"Bruns, Howard",SJ,29,C,ML,174,0.263,0.355,0.383,266,70,13,2,5,41,32,38,22,0,1,7,1
"Brown, Rufus",BILL,28,LF,ML,308,0.318,0.351,0.403,1226,390,44,3,18,159,146,63,101,4,3,57,2
"Brown, Gerald",BOW,27,1B,ML,47,0.253,0.275,0.364,99,25,3,1,2,9,11,3,10,0,0,5,0
"Broussard, Brandt",BILL,29,RF,ML,335,0.293,0.33,0.448,1256,368,53,2,46,168,204,70,221,18,7,54,1
"Brooks, Martin",MAHO,28,CF,ML,192,0.322,0.359,0.465,662,213,42,1,17,103,99,39,40,5,1,31,0
"Brooks, Larry",EDMO,26,RF,ML,315,0.356,0.433,0.465,1018,362,48,12,13,173,151,139,111,5,11,36,2
"Brimfield, Jeffery",ALTO,25,C,ML,203,0.293,0.344,0.386,726,213,43,9,2,82,75,56,130,0,2,22,2
"Bright, Andres",ROCK,31,C,ML,180,0.268,0.325,0.452,650,174,28,1,30,101,101,55,95,0,2,27,2
"Bresett, Raymond",SUGR,29,1B,ML,221,0.261,0.297,0.428,863,225,53,5,27,108,127,44,166,1,0,34,0
"Breheny, Bryan",AMAR,24,2B,ML,107,0.24,0.279,0.414,350,84,19,3,12,47,52,19,83,2,1,14,0
"Bounsweet, Buddy (92)",OMA,40,C,DL,0,0,0,0,0,0,0,0,0,0,0,0,0,0,0,0,0
"Bonds, Mike",ELP,30,1B,ML,154,0.306,0.328,0.405,447,137,15,7,5,50,46,14,80,2,2,28,2
"Bobinsky, Sergei",SCRN,24,C,ML,33,0.245,0.295,0.296,98,24,2,0,1,8,8,7,18,0,0,1,0
"Blood, Captain",CASP,31,RF,ML,356,0.3,0.331,0.428,1490,447,99,4,28,212,181,69,146,2,3,48,3
"Blazkowicz, B.J.",LYNC,25,SS,ML,247,0.287,0.354,0.542,955,274,60,5,58,142,182,99,198,1,4,23,3
"Blanca, Salvatore",EDMO,30,3B,ML,370,0.282,0.406,0.406,1280,361,63,3,30,210,163,267,182,8,3,62,2
"Blackston, Hank",LVA,32,LF,ML,181,0.28,0.341,0.438,601,168,31,2,20,84,85,56,92,2,0,10,0
"Black, Darius",LYNC,29,3B,ML,343,0.264,0.328,0.371,1106,292,46,0,24,155,131,105,105,37,20,34,1
"Bernal, Rolland",LVA,31,SS,ML,355,0.286,0.331,0.308,1218,348,25,1,0,194,131,83,75,93,37,12,3
"Beniov, Lev",RICH,25,RF,ML,344,0.239,0.301,0.412,1153,276,46,12,43,134,155,102,220,1,1,29,1
"Becker, Ernie",CASP,27,C,ML,98,0.256,0.364,0.369,195,50,7,0,5,27,30,33,37,0,0,4,0
"Beardon, Michael",MAHO,26,CF,ML,33,0.419,0.46,0.524,105,44,6,1,1,18,17,8,5,0,0,3,0
"Beaman, Jim",CORP,35,SS,ML,303,0.302,0.33,0.358,1087,328,30,5,7,126,104,46,82,1,0,56,0
"Bautista, Joe",RICH,32,RF,ML,253,0.281,0.339,0.437,903,254,52,1,29,124,129,79,118,1,4,43,2
"Baumer, Paul",HART,27,2B,ML,375,0.314,0.38,0.51,1465,460,102,4,59,231,233,157,134,7,7,48,3
"Batty, Philip",SJ,37,CF,ML,191,0.254,0.33,0.372,637,162,24,3,15,88,75,72,85,1,3,37,3
"Bateman, Rich",LVA,28,C,ML,271,0.256,0.294,0.351,909,233,47,3,11,91,94,48,156,0,1,25,0
"Basset, Ozzy",MIDL,37,2B,ML,352,0.281,0.376,0.465,1284,361,85,2,49,206,180,195,147,0,2,44,2
"Baker, Billy Joe",PORT,29,LF,ML,364,0.283,0.334,0.477,1315,372,75,0,60,203,201,101,243,1,2,28,2
"Babineaux, Louis",ELP,32,3B,ML,369,0.274,0.348,0.466,1414,388,56,4,69,227,234,159,196,3,2,43,2
"Babblos, Jensi",ELP,30,1B,ML,369,0.271,0.341,0.508,1422,385,65,9,85,232,265,151,330,0,2,38,2
"Auna, Ruben",PEOR,30,CF,ML,351,0.305,0.371,0.449,1277,390,89,7,27,186,175,133,187,7,7,37,4
"Arroyo, Bub",AMAR,35,SS,ML,277,0.266,0.304,0.44,598,159,31,5,21,97,94,33,99,7,14,22,2
"Arrington, Garland",SUGR,31,CF,ML,344,0.279,0.36,0.496,1316,367,60,2,74,231,265,167,319,1,3,60,3
"Aranda, Bill",ELP,27,SS,ML,364,0.29,0.345,0.479,1398,405,83,14,51,212,215,117,202,2,4,49,2
"Appelbaum, Ashton",BOW,31,LF,ML,377,0.349,0.382,0.519,1560,544,102,17,43,267,203,84,195,43,26,43,2
"Anthony, Chris",RICH,31,CF,ML,374,0.313,0.381,0.483,1506,471,85,8,52,300,200,167,130,99,54,52,2
"Amicangelo, Anthony",BILL,28,1B,ML,365,0.323,0.374,0.504,1408,455,39,4,69,215,201,114,224,3,2,59,2
"Alsobrooks, Ron",SUGR,25,2B,ML,252,0.316,0.389,0.466,943,298,58,1,27,139,145,112,147,1,2,27,1
"Allen, Paul",CORP,35,3B,ML,363,0.292,0.353,0.397,1411,412,63,5,25,200,184,134,138,0,3,63,3
"Allen, Pasquale",MIDL,25,1B,ML,61,0.246,0.293,0.391,179,44,6,1,6,20,27,12,34,0,0,7,0
"Allen, Harold",OMA,36,LF,ML,360,0.297,0.388,0.368,1224,364,52,7,7,179,103,182,111,0,1,37,1
"Allen, Everett",LAKE,30,1B,ML,138,0.287,0.335,0.422,251,72,16,0,6,26,26,18,31,0,0,11,0
"Allen, Deacon",PORT,28,RF,ML,266,0.268,0.298,0.432,798,214,68,0,21,102,122,34,106,1,1,24,1
"Allen, Danny",SCRN,25,RF,ML,46,0.318,0.37,0.576,85,27,1,0,7,15,23,7,17,0,0,2,0
"Alighieri, Dante",CHAT,28,C,ML,356,0.26,0.32,0.453,1224,318,56,20,47,151,159,108,366,1,3,25,3
"Alexander, Bob",LAKE,30,1B,ML,16,0.345,0.367,0.552,29,10,1,1,1,4,3,1,3,1,0,2,0
"Alamillo, Elmer",ROCK,29,RF,ML,316,0.301,0.349,0.502,1151,346,85,6,45,172,182,85,164,1,4,51,1
